{
    "width": 1280,
    "height": 720,
    "intrinsic_matrix": [
        847.7895927532157,
        0.0,
        0.0,
        0.0,
        850.8416090114004,
        0.0,
        626.0779090119236,
        366.06773365660507,
        1.0
    ]
}